epoch,g_loss,d_loss,l1_loss,wasserstein_d,full_l1,full_mse,full_psnr,hole_l1,hole_mse,hole_psnr,is_best,best_epoch
1,9.739650089263916,1.0284857944807542,0.2319252967702018,0.3013931805541118,0.014023694023489953,0.003021095087751746,25.233671603206215,0.09972404465079307,0.02148334216326475,16.714297102479684,True,1
2,4.715237454732259,-0.05691962096757357,0.18573904836177826,0.3795639434390598,0.012357015442103148,0.002264028415083885,26.49708390857152,0.08787210583686829,0.01609975742176175,17.977709330730967,True,2
3,1.2829295904371474,-0.15930101576668226,0.17359556567668916,0.4019022809664408,0.011209235340356827,0.001970051636453718,27.120527591746146,0.0797101154923439,0.014009255729615689,18.601153044836735,True,3
4,0.7693098203870985,-0.05088815419431082,0.1664256519873937,0.3923252702818977,0.011068214196711779,0.0019558026106096804,27.16708466689613,0.07870729863643647,0.013907929323613644,18.647710126097497,True,4
5,-0.31836403656005857,-0.1475082005902572,0.1615185008711285,0.3786889431079229,0.01106606787070632,0.001883237820584327,27.32083011136881,0.0786920353770256,0.013391913101077079,18.801455555054922,True,5
6,-0.20811027569240995,-0.1466856271668717,0.15808716734912662,0.3710098744498359,0.01050126263871789,0.0018566732527688147,27.373028121298297,0.0746756449341774,0.013203009404242039,18.853653603272807,True,6
7,-0.09436994891696505,-0.17162156930786587,0.15512517992655436,0.36457679306136237,0.01044478639960289,0.0017834577942267061,27.579734430932216,0.07427403330802917,0.012682366091758013,19.06035993324597,True,7
8,0.8183360400729709,-0.17865061252646955,0.1530888110664156,0.36352217001385156,0.010436574462801218,0.001916736934799701,27.279816458880198,0.07421563751995564,0.013630128838121891,18.760441961060543,False,7
9,1.2838265357547336,-0.15778899132212013,0.1510238694879744,0.34823441269662647,0.010251348372548819,0.0017189425299875439,27.681463524594555,0.0728984758257866,0.012223590910434724,19.16208902387162,True,9
10,1.319366183174981,-0.13958353615910923,0.14852813104788462,0.3341279238594903,0.010166192706674338,0.0018608848797157407,27.46670346787252,0.07229292280972004,0.01323295896872878,18.94732887359293,False,9
11,0.8976632495456272,-0.07291146787890684,0.14724259652694066,0.32296180386013457,0.009729525540024042,0.001561129093170166,28.112310870771502,0.06918773613870144,0.011101362202316523,19.592936319737124,True,11
12,0.45409546343485513,-0.14193014078449329,0.14522717934184604,0.31978864851262834,0.009716571867465973,0.001635024358984083,27.93781200271174,0.06909562051296234,0.011626839730888605,19.41843743652742,False,11
13,0.6279309588538275,-0.15433783363081785,0.1436814295914438,0.32436866144339244,0.00949477767571807,0.0015583278727717698,28.112061058010067,0.06751841679215431,0.011081442423164844,19.592686509736797,False,11
14,1.0841126215193007,-0.1446519510414863,0.14277799479166667,0.3173127757708232,0.009479147288948298,0.0015679944073781372,28.140309707633747,0.06740726865828037,0.011150182178243994,19.62093517358675,True,14
15,0.07414009369744196,-0.13455800777011437,0.14157652704583273,0.31789695150322383,0.009826189279556275,0.0017598416889086366,27.632641673975986,0.06987512111663818,0.01251442926004529,19.11326719619531,False,14
16,-0.9009788235558404,-0.059919520786514975,0.14124970590405994,0.31426776362790004,0.009746492095291614,0.0016190638882108033,27.938041550330723,0.06930838674306869,0.011513342894613744,19.41866701755239,False,14
17,-0.17444178093804252,-0.027174923413329673,0.13967129970259137,0.3097075366841422,0.009738209750503301,0.0016215228126384318,27.999949020510723,0.06924948990345,0.011530828662216663,19.480574454476415,False,14
18,-0.4101623083750407,-0.14924969199410223,0.1386681159403589,0.31560352630085414,0.009542745351791383,0.0016370969940908253,27.93047268659859,0.06785952039062977,0.01164157846942544,19.411098113943535,False,14
19,-3.37607932832506,-0.14720821383816218,0.13797809680965212,0.312596571193801,0.009182387124747038,0.0015326268505305052,28.172489019441144,0.06529697105288505,0.010898679587990045,19.65311446978078,True,19
20,-1.8024812145233153,-0.09458038820712657,0.13706739836268955,0.29993953462441764,0.009337615035474301,0.001470549253281206,28.37242369639885,0.06640081517398358,0.0104572388343513,19.85304918303616,True,20
21,-1.5434853437211777,-0.13607348809198083,0.13649137606223424,0.2977113941907883,0.009244329389184713,0.0015363551094196737,28.21040354874728,0.06573745124042034,0.010925191547721624,19.691029048349897,False,20
22,-2.5864282584720186,-0.11915053793015296,0.1360993058681488,0.294494145154953,0.00911086956039071,0.0014480267767794431,28.47151332477468,0.06478840298950672,0.010297079011797905,19.9521388130552,True,22
23,-6.058327900780572,-0.14005502077054127,0.1356042620009846,0.29493705283270943,0.009234489127993583,0.0014741860562935472,28.37687578513358,0.06566747613251209,0.010483100451529026,19.857501293961686,False,22
24,-10.087027601877848,-0.13477843842020745,0.1345564187169075,0.28593783071306017,0.009303326904773711,0.0015456937020644546,28.143201180918783,0.06615698970854282,0.01099159950390458,19.623826598070345,False,22
25,-9.855424056582981,-0.0138245919545491,0.13344169943200218,0.2759688325458103,0.009870933182537556,0.0016539592994377016,27.890064172517633,0.070193300396204,0.011761488020420074,19.370689655381344,False,22
26,-12.90627723842197,-0.1079397660471775,0.13281953022877374,0.2640717588795556,0.009001718740910292,0.0014793954906053841,28.37071445265355,0.0640122190117836,0.010520145297050476,19.851339982244127,False,22
27,-14.599342977311876,-0.10730498158931746,0.13292762593428295,0.2595214102003309,0.009092187136411667,0.0015102464880328626,28.3053496048647,0.06465555056929588,0.010739530296996236,19.78597505825391,False,22
28,-12.753778867085774,-0.11444596124799158,0.13248047121365866,0.26117174951235456,0.00906527591869235,0.0014752481947652996,28.328524962348904,0.06446418091654778,0.010490653477609158,19.80915046208621,False,22
29,-12.246653479894002,-0.0877747948125557,0.13174557190471226,0.262962933394644,0.00890538776293397,0.0015088782296516002,28.329533730376433,0.0633272010833025,0.010729800630360841,19.81015912910851,False,22
30,-13.065978151957195,-0.10664147401297527,0.13110786012146208,0.25940186405181886,0.008654330112040042,0.0014419455081224441,28.546576205909798,0.061541900783777234,0.010253834491595625,20.02720167038713,True,30
31,-14.977799332724677,-0.11953716681842447,0.1303085605038537,0.25789880747265287,0.008918778505176306,0.0014446337358094753,28.467525194715968,0.06342242322862149,0.010272950632497668,19.94815070896521,False,30
32,-15.055571558422512,-0.11947172288982966,0.1304435644282235,0.26035187641779584,0.00874367943033576,0.0013856138568371535,28.666851826871188,0.062177272886037825,0.009853253699839115,20.147477356084266,True,32
33,-13.81554417822096,-0.11068585808519966,0.1296233942111333,0.2612618148326874,0.00918462653644383,0.0015899278689175845,28.143613450762537,0.0653128981590271,0.0113061532843858,19.624238972535256,False,32
34,-11.107380151960585,-0.08177404601706402,0.12922193298074935,0.2574793039295408,0.009081652341410517,0.0015225079143419862,28.24885689109174,0.06458063647150994,0.010826722718775272,19.729482335726306,False,32
35,-10.20937792438931,-0.11831892671408469,0.12841104763083988,0.26311288805802663,0.009040967654436826,0.0014544990379363298,28.429654692055646,0.0642913244664669,0.010343103762716055,19.91028025405216,False,32
36,-8.270349479251438,0.0153534950172459,0.12913890410131879,0.2610054086976581,0.00861979452893138,0.001314074662514031,28.924206534155843,0.06129631474614143,0.009344530431553722,20.404832103783413,True,36
37,-10.881379060109456,-0.11732431373772793,0.12843161295519934,0.26193325985802546,0.008746951166540385,0.00139844334917143,28.606345170107524,0.06220053881406784,0.009944485826417803,20.086970620594112,False,36
38,-13.783304830975002,0.005858825461732002,0.1279750174946255,0.26519684937265187,0.008167213713750242,0.0011647524079307914,29.35403699231116,0.05807796232402325,0.008282683463767171,20.834662516150342,True,38
39,-14.859131546656291,-0.08772271954902894,0.1273222859899203,0.2555498843193054,0.008662936137989163,0.0013531822012737393,28.743626050422193,0.0616031002253294,0.009622628847137094,20.224251471930963,False,38
40,-13.382159729427762,-0.10789479230289105,0.12712769995795356,0.2565746988190545,0.00849936567246914,0.0013347138185054064,28.872918778854984,0.060439932346344,0.00949129811488092,20.35354419735923,False,38
